species,phase_key,label_de,ring_order,segment_order,color_hex,start_tick,end_tick,wraps_year,tick_count,source_image_url,source_sha256,extraction_status
Passer domesticus,adult,Adult,1,1,#F5C76D,0,180,false,180,https://animal-aided-design.de/wp-content/uploads/2024/11/Haussperling-1.png,702072753221e91fae1cc07acd0c56de6c0a2979918e85c0858c5fa135dc7c84,reviewed
Passer domesticus,breeding,Brutzeit,2,1,#6EB089,45,120,false,180,https://animal-aided-design.de/wp-content/uploads/2024/11/Haussperling-1.png,702072753221e91fae1cc07acd0c56de6c0a2979918e85c0858c5fa135dc7c84,reviewed
Passer domesticus,courtship,Balz & Paarung,3,1,#A6CAB7,30,113,false,180,https://animal-aided-design.de/wp-content/uploads/2024/11/Haussperling-1.png,702072753221e91fae1cc07acd0c56de6c0a2979918e85c0858c5fa135dc7c84,reviewed
Plebejus idas,adult,Adult,1,1,#F5C76D,75,120,false,180,https://animal-aided-design.de/wp-content/uploads/2024/11/Idas_Blaeuling-1.png,7c57d9f6363f02920b862f421e8fcb46e13a4130819ee0d67c245bb0e522cbe8,reviewed
Plebejus idas,pupa,Puppe,2,1,#F2E10F,75,105,false,180,https://animal-aided-design.de/wp-content/uploads/2024/11/Idas_Blaeuling-1.png,7c57d9f6363f02920b862f421e8fcb46e13a4130819ee0d67c245bb0e522cbe8,reviewed
Plebejus idas,caterpillar,Raupe,3,1,#FFBC0F,60,97,false,180,https://animal-aided-design.de/wp-content/uploads/2024/11/Idas_Blaeuling-1.png,7c57d9f6363f02920b862f421e8fcb46e13a4130819ee0d67c245bb0e522cbe8,reviewed
Plebejus idas,egg,Ei,4,1,#6EB089,90,75,true,180,https://animal-aided-design.de/wp-content/uploads/2024/11/Idas_Blaeuling-1.png,7c57d9f6363f02920b862f421e8fcb46e13a4130819ee0d67c245bb0e522cbe8,reviewed
Plebejus idas,courtship,Balz & Paarung,5,1,#A6CAB7,82,120,false,180,https://animal-aided-design.de/wp-content/uploads/2024/11/Idas_Blaeuling-1.png,7c57d9f6363f02920b862f421e8fcb46e13a4130819ee0d67c245bb0e522cbe8,reviewed
Apus apus,overwintering,Überwinterung,1,1,#7DBDC7,99,60,true,180,https://animal-aided-design.de/wp-content/uploads/2024/11/Mauersegler-1.png,cfce8d0cf3323a2bcfded3ed744f78211ebf346391f1bafdddbdaa2f90d235a3,reviewed
Apus apus,adult,Adult,2,1,#F5C76D,52,121,false,180,https://animal-aided-design.de/wp-content/uploads/2024/11/Mauersegler-1.png,cfce8d0cf3323a2bcfded3ed744f78211ebf346391f1bafdddbdaa2f90d235a3,reviewed
Apus apus,breeding,Brut & Aufzucht,3,1,#6EB089,60,113,false,180,https://animal-aided-design.de/wp-content/uploads/2024/11/Mauersegler-1.png,cfce8d0cf3323a2bcfded3ed744f78211ebf346391f1bafdddbdaa2f90d235a3,reviewed
Apus apus,courtship,Balz & Paarung,4,1,#A6CAB7,53,75,false,180,https://animal-aided-design.de/wp-content/uploads/2024/11/Mauersegler-1.png,cfce8d0cf3323a2bcfded3ed744f78211ebf346391f1bafdddbdaa2f90d235a3,reviewed
Papilio machaon,overwintering_pupa,Überwinterung Puppe,1,1,#7DBDC7,112,67,true,180,https://animal-aided-design.de/wp-content/uploads/2024/11/Schwalbenschwanz-1.png,a72b72404155d18eaec05b0418e1571f07db27936a3de33bf183131c16dbe488,reviewed
Papilio machaon,adult_generations,Adult (2–3 Generationen),2,1,#F5C76D,52,90,false,180,https://animal-aided-design.de/wp-content/uploads/2024/11/Schwalbenschwanz-1.png,a72b72404155d18eaec05b0418e1571f07db27936a3de33bf183131c16dbe488,reviewed
Papilio machaon,adult_generations,Adult (2–3 Generationen),2,2,#F5C76D,98,135,false,180,https://animal-aided-design.de/wp-content/uploads/2024/11/Schwalbenschwanz-1.png,a72b72404155d18eaec05b0418e1571f07db27936a3de33bf183131c16dbe488,reviewed
Papilio machaon,pupa,Puppe,3,1,#F2E10F,126,67,true,180,https://animal-aided-design.de/wp-content/uploads/2024/11/Schwalbenschwanz-1.png,a72b72404155d18eaec05b0418e1571f07db27936a3de33bf183131c16dbe488,reviewed
Papilio machaon,pupa,Puppe,3,2,#F2E10F,90,112,false,180,https://animal-aided-design.de/wp-content/uploads/2024/11/Schwalbenschwanz-1.png,a72b72404155d18eaec05b0418e1571f07db27936a3de33bf183131c16dbe488,reviewed
Papilio machaon,caterpillar,Raupe,4,1,#FFBC0F,75,105,false,180,https://animal-aided-design.de/wp-content/uploads/2024/11/Schwalbenschwanz-1.png,a72b72404155d18eaec05b0418e1571f07db27936a3de33bf183131c16dbe488,reviewed
Papilio machaon,caterpillar,Raupe,4,2,#FFBC0F,112,150,false,180,https://animal-aided-design.de/wp-content/uploads/2024/11/Schwalbenschwanz-1.png,a72b72404155d18eaec05b0418e1571f07db27936a3de33bf183131c16dbe488,reviewed
Papilio machaon,egg,Ei,5,1,#6EB089,67,98,false,180,https://animal-aided-design.de/wp-content/uploads/2024/11/Schwalbenschwanz-1.png,a72b72404155d18eaec05b0418e1571f07db27936a3de33bf183131c16dbe488,reviewed
Papilio machaon,egg,Ei,5,2,#6EB089,105,135,false,180,https://animal-aided-design.de/wp-content/uploads/2024/11/Schwalbenschwanz-1.png,a72b72404155d18eaec05b0418e1571f07db27936a3de33bf183131c16dbe488,reviewed
Papilio machaon,courtship,Balz & Paarung,6,1,#A6CAB7,60,75,false,180,https://animal-aided-design.de/wp-content/uploads/2024/11/Schwalbenschwanz-1.png,a72b72404155d18eaec05b0418e1571f07db27936a3de33bf183131c16dbe488,reviewed
Papilio machaon,courtship,Balz & Paarung,6,2,#A6CAB7,98,113,false,180,https://animal-aided-design.de/wp-content/uploads/2024/11/Schwalbenschwanz-1.png,a72b72404155d18eaec05b0418e1571f07db27936a3de33bf183131c16dbe488,reviewed
Anthidium oblongatum,overwintering_larva,Überwinterung (Ruhelarve),1,1,#7DBDC7,120,90,true,180,https://animal-aided-design.de/wp-content/uploads/2024/11/Spaltenwollbiene-1.png,c1e79eb44a4fbec8266555e5eddc88bdcf74be2740d8a8fc75ce6c4ae3d90063,reviewed
Anthidium oblongatum,adult,Adult,2,1,#F5C76D,82,128,false,180,https://animal-aided-design.de/wp-content/uploads/2024/11/Spaltenwollbiene-1.png,c1e79eb44a4fbec8266555e5eddc88bdcf74be2740d8a8fc75ce6c4ae3d90063,reviewed
Anthidium oblongatum,larva_pupa,Larve / Puppe,3,1,#6EB089,112,90,true,180,https://animal-aided-design.de/wp-content/uploads/2024/11/Spaltenwollbiene-1.png,c1e79eb44a4fbec8266555e5eddc88bdcf74be2740d8a8fc75ce6c4ae3d90063,reviewed
Anthidium oblongatum,courtship,Balz & Paarung,4,1,#A6CAB7,83,97,false,180,https://animal-aided-design.de/wp-content/uploads/2024/11/Spaltenwollbiene-1.png,c1e79eb44a4fbec8266555e5eddc88bdcf74be2740d8a8fc75ce6c4ae3d90063,reviewed
Lacerta agilis,overwintering,Überwinterung,1,1,#7DBDC7,135,45,true,180,https://animal-aided-design.de/wp-content/uploads/2024/11/Zauneidechse-1.png,b196f9e2e51e6b56c2918899ce210ca0f39e6308ccb03690a3b4196637ca1588,reviewed
Lacerta agilis,adult,Adult,2,1,#F5C76D,0,180,false,180,https://animal-aided-design.de/wp-content/uploads/2024/11/Zauneidechse-1.png,b196f9e2e51e6b56c2918899ce210ca0f39e6308ccb03690a3b4196637ca1588,reviewed
Lacerta agilis,breeding,Brut & Aufzucht,3,1,#6EB089,60,127,false,180,https://animal-aided-design.de/wp-content/uploads/2024/11/Zauneidechse-1.png,b196f9e2e51e6b56c2918899ce210ca0f39e6308ccb03690a3b4196637ca1588,reviewed
Lacerta agilis,courtship,Balz & Paarung,4,1,#A6CAB7,53,83,false,180,https://animal-aided-design.de/wp-content/uploads/2024/11/Zauneidechse-1.png,b196f9e2e51e6b56c2918899ce210ca0f39e6308ccb03690a3b4196637ca1588,reviewed
Vespertilio murinus,overwintering,Überwinterung,1,1,#7DBDC7,150,53,true,180,https://animal-aided-design.de/wp-content/uploads/2024/11/Zweifarbfledermaus-1.png,022073cc9aa6888d5f49fa80f3c8bb67ab93387d527897c40a4c969a3488f91e,reviewed
Vespertilio murinus,adult,Adult,2,1,#F5C76D,0,180,false,180,https://animal-aided-design.de/wp-content/uploads/2024/11/Zweifarbfledermaus-1.png,022073cc9aa6888d5f49fa80f3c8bb67ab93387d527897c40a4c969a3488f91e,reviewed
Vespertilio murinus,breeding,Brut & Aufzucht,3,1,#6EB089,67,113,false,180,https://animal-aided-design.de/wp-content/uploads/2024/11/Zweifarbfledermaus-1.png,022073cc9aa6888d5f49fa80f3c8bb67ab93387d527897c40a4c969a3488f91e,reviewed
Vespertilio murinus,courtship,Balz & Paarung,4,1,#A6CAB7,120,180,false,180,https://animal-aided-design.de/wp-content/uploads/2024/11/Zweifarbfledermaus-1.png,022073cc9aa6888d5f49fa80f3c8bb67ab93387d527897c40a4c969a3488f91e,reviewed
Pipistrellus pipistrellus,overwintering,Überwinterung,1,1,#7DBDC7,128,45,true,180,https://animal-aided-design.de/wp-content/uploads/2024/11/Zwergfledermaus-1.png,00bac89d23efd8f01b644a30801925e632917edf8dbaf8b2e6577487e883648a,reviewed
Pipistrellus pipistrellus,adult,Adult,2,1,#F5C76D,0,180,false,180,https://animal-aided-design.de/wp-content/uploads/2024/11/Zwergfledermaus-1.png,00bac89d23efd8f01b644a30801925e632917edf8dbaf8b2e6577487e883648a,reviewed
Pipistrellus pipistrellus,breeding,Brut & Aufzucht,3,1,#6EB089,45,120,false,180,https://animal-aided-design.de/wp-content/uploads/2024/11/Zwergfledermaus-1.png,00bac89d23efd8f01b644a30801925e632917edf8dbaf8b2e6577487e883648a,reviewed
Pipistrellus pipistrellus,courtship,Balz & Paarung,4,1,#A6CAB7,15,38,false,180,https://animal-aided-design.de/wp-content/uploads/2024/11/Zwergfledermaus-1.png,00bac89d23efd8f01b644a30801925e632917edf8dbaf8b2e6577487e883648a,reviewed
Pipistrellus pipistrellus,courtship,Balz & Paarung,4,2,#A6CAB7,97,150,false,180,https://animal-aided-design.de/wp-content/uploads/2024/11/Zwergfledermaus-1.png,00bac89d23efd8f01b644a30801925e632917edf8dbaf8b2e6577487e883648a,reviewed
Muscicapa striata,overwintering,Überwinterung,1,1,#7DBDC7,135,67,true,180,https://animal-aided-design.de/wp-content/uploads/2024/11/Grauschnaepper-1.png,3cbd7bf1e1752f1c42f6e6a6f2969294682a4206d446006bc67aa60ea9148a74,reviewed
Muscicapa striata,adult,Adult,2,1,#F5C76D,60,135,false,180,https://animal-aided-design.de/wp-content/uploads/2024/11/Grauschnaepper-1.png,3cbd7bf1e1752f1c42f6e6a6f2969294682a4206d446006bc67aa60ea9148a74,reviewed
Muscicapa striata,breeding,Brut & Aufzucht,3,1,#6EB089,75,120,false,180,https://animal-aided-design.de/wp-content/uploads/2024/11/Grauschnaepper-1.png,3cbd7bf1e1752f1c42f6e6a6f2969294682a4206d446006bc67aa60ea9148a74,reviewed
Muscicapa striata,courtship,Balz & Paarung,4,1,#A6CAB7,68,81,false,180,https://animal-aided-design.de/wp-content/uploads/2024/11/Grauschnaepper-1.png,3cbd7bf1e1752f1c42f6e6a6f2969294682a4206d446006bc67aa60ea9148a74,reviewed
Andrena barbilabris,overwintering,Überwinterung,1,1,#7DBDC7,105,53,true,180,https://animal-aided-design.de/wp-content/uploads/2024/11/Baertige-Sandbiene-1.png,38763845eba8fa0154d395fe33a9f6e2ca80d79c7c95a7de812ae95541562e47,reviewed
Andrena barbilabris,adult,Adult,2,1,#F5C76D,37,113,false,180,https://animal-aided-design.de/wp-content/uploads/2024/11/Baertige-Sandbiene-1.png,38763845eba8fa0154d395fe33a9f6e2ca80d79c7c95a7de812ae95541562e47,reviewed
Andrena barbilabris,breeding,Brutzeit,3,1,#6EB089,53,90,false,180,https://animal-aided-design.de/wp-content/uploads/2024/11/Baertige-Sandbiene-1.png,38763845eba8fa0154d395fe33a9f6e2ca80d79c7c95a7de812ae95541562e47,reviewed
Andrena barbilabris,courtship,Balz & Paarung,4,1,#A6CAB7,45,75,false,180,https://animal-aided-design.de/wp-content/uploads/2024/11/Baertige-Sandbiene-1.png,38763845eba8fa0154d395fe33a9f6e2ca80d79c7c95a7de812ae95541562e47,reviewed
Anthophora plumipes,overwintering,Überwinterung,1,1,#7DBDC7,98,45,true,180,https://animal-aided-design.de/wp-content/uploads/2024/11/Fruehlingspelzbiene-1.png,93e263c9e4498924b9f846f3dedb8ab385c962a5490ba3dba8e1a1d85cad9bc7,reviewed
Anthophora plumipes,adult,Adult,2,1,#F5C76D,30,90,false,180,https://animal-aided-design.de/wp-content/uploads/2024/11/Fruehlingspelzbiene-1.png,93e263c9e4498924b9f846f3dedb8ab385c962a5490ba3dba8e1a1d85cad9bc7,reviewed
Anthophora plumipes,larva_pupa,Larve / Puppe,3,1,#6EB089,60,105,false,180,https://animal-aided-design.de/wp-content/uploads/2024/11/Fruehlingspelzbiene-1.png,93e263c9e4498924b9f846f3dedb8ab385c962a5490ba3dba8e1a1d85cad9bc7,reviewed
Anthophora plumipes,courtship,Balz & Paarung,4,1,#A6CAB7,37,67,false,180,https://animal-aided-design.de/wp-content/uploads/2024/11/Fruehlingspelzbiene-1.png,93e263c9e4498924b9f846f3dedb8ab385c962a5490ba3dba8e1a1d85cad9bc7,reviewed
Phoenicurus phoenicurus,overwintering,Überwinterung,1,1,#7DBDC7,127,67,true,180,https://animal-aided-design.de/wp-content/uploads/2024/11/Gartenrotschwanz-1.png,1aec9381cc4a1ec60c3d40d639374ef66637553b1c363f4acaeeb7be30111e04,reviewed
Phoenicurus phoenicurus,adult,Adult,2,1,#F5C76D,45,150,false,180,https://animal-aided-design.de/wp-content/uploads/2024/11/Gartenrotschwanz-1.png,1aec9381cc4a1ec60c3d40d639374ef66637553b1c363f4acaeeb7be30111e04,reviewed
Phoenicurus phoenicurus,breeding,Brut & Aufzucht,3,1,#6EB089,60,98,false,180,https://animal-aided-design.de/wp-content/uploads/2024/11/Gartenrotschwanz-1.png,1aec9381cc4a1ec60c3d40d639374ef66637553b1c363f4acaeeb7be30111e04,reviewed
Phoenicurus phoenicurus,courtship,Balz & Paarung,4,1,#A6CAB7,53,75,false,180,https://animal-aided-design.de/wp-content/uploads/2024/11/Gartenrotschwanz-1.png,1aec9381cc4a1ec60c3d40d639374ef66637553b1c363f4acaeeb7be30111e04,reviewed
Pyrrhula pyrrhula,adult,Adult,1,1,#F5C76D,52,120,false,180,https://animal-aided-design.de/wp-content/uploads/2024/11/Gimpel-1.png,22cc3cefa2adaf38c3f0076102552c272dd7ebaf76536445bcce8b9bdaf19d4c,reviewed
Pyrrhula pyrrhula,breeding,Brut & Aufzucht,2,1,#6EB089,37,90,false,180,https://animal-aided-design.de/wp-content/uploads/2024/11/Gimpel-1.png,22cc3cefa2adaf38c3f0076102552c272dd7ebaf76536445bcce8b9bdaf19d4c,reviewed
Pyrrhula pyrrhula,courtship,Balz & Paarung,3,1,#A6CAB7,0,180,false,180,https://animal-aided-design.de/wp-content/uploads/2024/11/Gimpel-1.png,22cc3cefa2adaf38c3f0076102552c272dd7ebaf76536445bcce8b9bdaf19d4c,reviewed
Picus viridis,adult,Adult,1,1,#F5C76D,0,180,false,180,https://animal-aided-design.de/wp-content/uploads/2024/11/Gruenspecht-1.png,3b831edbe3fb36cff53c3b36c659b0cfb83e4e308cefe4dfdd64e126af07ec4b,reviewed
Picus viridis,breeding,Brut & Aufzucht,2,1,#6EB089,52,97,false,180,https://animal-aided-design.de/wp-content/uploads/2024/11/Gruenspecht-1.png,3b831edbe3fb36cff53c3b36c659b0cfb83e4e308cefe4dfdd64e126af07ec4b,reviewed
Picus viridis,courtship,Balz & Paarung,3,1,#A6CAB7,15,60,false,180,https://animal-aided-design.de/wp-content/uploads/2024/11/Gruenspecht-1.png,3b831edbe3fb36cff53c3b36c659b0cfb83e4e308cefe4dfdd64e126af07ec4b,reviewed
